p	Obj_value	x	Computed in	Num. Vars	Num. Constrs
3	2529.513709697374	[361.5, 1168.02, 1000.0, 373.59, 460.0, 26.41, 313.59, 560.0]	0.03099989891052246	123.0	191.0
2	4514.705118529413	[411.76, 2058.82, 2044.12, 188.24, 376.47, 211.76, 211.76, 476.47]	0.12400007247924805	223.0	346.0
1	6591.393229353305	[517.48, 1343.34, 4730.57, 179.58, 295.85, 220.42, 283.72, 395.85]	0.34399986267089844	323.0	501.0
0	6999.466438069095	[574.69, 1354.17, 5070.6, 181.95, 295.55, 218.05, 286.4, 395.55]	1.6710000038146973	423.0	656.0
