p	Obj_value	x	Computed in	Num. Vars	Num. Constrs
3	2529.513709697374	[361.5, 1168.02, 1000.0, 373.59, 460.0, 26.41, 313.59, 560.0]	0.026000022888183594	123.0	191.0
2	4514.705118529413	[411.76, 2058.82, 2044.12, 188.24, 376.47, 211.76, 211.76, 476.47]	0.13100004196166992	223.0	346.0
1	6591.393229353305	[517.48, 1343.34, 4730.57, 179.58, 295.85, 220.42, 283.72, 395.85]	0.35199999809265137	323.0	501.0
0	6999.466438069095	[574.69, 1354.17, 5070.6, 181.95, 295.55, 218.05, 286.4, 395.55]	2.058000087738037	423.0	656.0
-1	7044.224137974908	[578.65, 1361.04, 5104.54, 182.0, 295.65, 218.0, 286.34, 395.65]	6.310999870300293	523.0	811.0
-2	7048.7452037688645	[579.17, 1360.12, 5109.45, 182.01, 295.61, 217.99, 286.4, 395.61]	33.157999992370605	623.0	966.0
