p	Obj_value	x	Computed in	Num. Vars	Num. Constrs
3	2529.513709697374	[361.5, 1168.02, 1000.0, 373.59, 460.0, 26.41, 313.59, 560.0]	0.039999961853027344	124.0	193.0
